description,command
drops all the traffic coming on any port.,iptables -t filter --append INPUT -j DROP <eos>
deletes the rule 2 from INPUT chain.,iptables -t filter --delete INPUT 2 <eos>
checks whether the specified rule is present in the INPUT chain.,iptables -t filter --check INPUT -s 192.168.1.123 -j DROP <eos>
appends a rule in the INPUT chain to drop all udp packets.,iptables -t filter -A INPUT -p udp -j DROP <eos>
appends a rule in the INPUT chain to accept all packets originating from 192.168.1.230.,iptables -t filter -A INPUT -s 192.168.1.230 -j ACCEPT <eos>
appends a rule in the OUTPUT chain to drop all packets destined for 192.168.1.123.,iptables -t filter -A OUTPUT -d 192.168.1.123 -j DROP <eos>
append a rule to the OUTPUT chain to allow all outgoing traffic,"iptables -A OUTPUT -j ACCEPT"" <eos>"
allow incoming TCP traffic on port 80,iptables -A INPUT -p tcp --dport 80 -j ACCEPT <eos>
check existing configured iptables rules,iptables -L -n -v <eos>
block input traffic from an IP address xxx.xxx.xxx.xxx,iptables -A INPUT -s xxx.xxx.xxx.xxx -j DROP <eos>
block input TCP traffic from an IP xxx.xxx.xxx.xxx,iptables -A INPUT -p tcp -s xxx.xxx.xxx.xxx -j DROP <eos>
remove or unblock specific IP xxx.xxx.xxx.xxx,iptables -D INPUT -s xxx.xxx.xxx.xxx -j DROP <eos>
allow outgoing connection on port 25 to network 192.160.5.0/24,iptables -A OUTPUT -p tcp -d 192.168.5.0/24 --dport 25 -j ACCEPT <eos>
block outgoing connection with protocol TCP on a specific port xxx,iptables -A OUTPUT -p tcp --dport xxx -j DROP <eos>
allow incoming TCP traffic on port 443,iptables -A INPUT -p tcp --dport 443 -j ACCEPT <eos>
allow incoming TCP traffic on port 1080,iptables -A INPUT -p tcp --dport 1080 -j ACCEPT <eos>
block incoming TCP traffic on port 1080,iptables -A INPUT -p tcp --dport 1080 -j DROP <eos>
block incoming TCP traffic on port 443,iptables -A INPUT -p tcp --dport 443 -j DROP <eos>
allow incoming TCP traffic on port 443,iptables -A INPUT -p tcp --dport 443 -j ACCEPT <eos>
allow incoming TCP traffic on port 444,iptables -A INPUT -p tcp --dport 444 -j ACCEPT <eos>
allow incoming TCP traffic on port 445,iptables -A INPUT -p tcp --dport 445 -j ACCEPT <eos>
allow incoming TCP traffic on port 446,iptables -A INPUT -p tcp --dport 446 -j ACCEPT <eos>
allow incoming TCP traffic on port 447,iptables -A INPUT -p tcp --dport 447 -j ACCEPT <eos>
allow incoming TCP traffic on port 448,iptables -A INPUT -p tcp --dport 448 -j ACCEPT <eos>
allow incoming TCP traffic on port 449,iptables -A INPUT -p tcp --dport 449 -j ACCEPT <eos>
allow incoming TCP traffic on port 450,iptables -A INPUT -p tcp --dport 450 -j ACCEPT <eos>
allow incoming TCP traffic on port 451,iptables -A INPUT -p tcp --dport 451 -j ACCEPT <eos>
allow incoming TCP traffic on port 452,iptables -A INPUT -p tcp --dport 452 -j ACCEPT <eos>
allow incoming TCP traffic on port 453,iptables -A INPUT -p tcp --dport 453 -j ACCEPT <eos>
allow incoming TCP traffic on port 454,iptables -A INPUT -p tcp --dport 454 -j ACCEPT <eos>
allow incoming TCP traffic on port 455,iptables -A INPUT -p tcp --dport 455 -j ACCEPT <eos>
allow incoming TCP traffic on port 456,iptables -A INPUT -p tcp --dport 456 -j ACCEPT <eos>
allow incoming TCP traffic on port 457,iptables -A INPUT -p tcp --dport 457 -j ACCEPT <eos>
allow incoming TCP traffic on port 458,iptables -A INPUT -p tcp --dport 458 -j ACCEPT <eos>
allow incoming TCP traffic on port 459,iptables -A INPUT -p tcp --dport 459 -j ACCEPT <eos>
allow incoming TCP traffic on port 460,iptables -A INPUT -p tcp --dport 460 -j ACCEPT <eos>
allow incoming TCP traffic on port 461,iptables -A INPUT -p tcp --dport 461 -j ACCEPT <eos>
allow incoming TCP traffic on port 462,iptables -A INPUT -p tcp --dport 462 -j ACCEPT <eos>
allow incoming TCP traffic on port 463,iptables -A INPUT -p tcp --dport 463 -j ACCEPT <eos>
allow incoming TCP traffic on port 464,iptables -A INPUT -p tcp --dport 464 -j ACCEPT <eos>
allow incoming TCP traffic on port 465,iptables -A INPUT -p tcp --dport 465 -j ACCEPT <eos>
allow incoming TCP traffic on port 466,iptables -A INPUT -p tcp --dport 466 -j ACCEPT <eos>
allow incoming TCP traffic on port 467,iptables -A INPUT -p tcp --dport 467 -j ACCEPT <eos>
allow incoming TCP traffic on port 468,iptables -A INPUT -p tcp --dport 468 -j ACCEPT <eos>
allow incoming TCP traffic on port 469,iptables -A INPUT -p tcp --dport 469 -j ACCEPT <eos>
allow incoming TCP traffic on port 470,iptables -A INPUT -p tcp --dport 470 -j ACCEPT <eos>
allow incoming TCP traffic on port 471,iptables -A INPUT -p tcp --dport 471 -j ACCEPT <eos>
allow incoming TCP traffic on port 472,iptables -A INPUT -p tcp --dport 472 -j ACCEPT <eos>
allow incoming TCP traffic on port 473,iptables -A INPUT -p tcp --dport 473 -j ACCEPT <eos>
allow incoming TCP traffic on port 474,iptables -A INPUT -p tcp --dport 474 -j ACCEPT <eos>
allow incoming TCP traffic on port 475,iptables -A INPUT -p tcp --dport 475 -j ACCEPT <eos>
allow incoming TCP traffic on port 476,iptables -A INPUT -p tcp --dport 476 -j ACCEPT <eos>
allow incoming TCP traffic on port 477,iptables -A INPUT -p tcp --dport 477 -j ACCEPT <eos>
allow incoming TCP traffic on port 478,iptables -A INPUT -p tcp --dport 478 -j ACCEPT <eos>
allow incoming TCP traffic on port 479,iptables -A INPUT -p tcp --dport 479 -j ACCEPT <eos>
allow incoming TCP traffic on port 480,iptables -A INPUT -p tcp --dport 480 -j ACCEPT <eos>
allow incoming TCP traffic on port 481,iptables -A INPUT -p tcp --dport 481 -j ACCEPT <eos>
allow incoming TCP traffic on port 482,iptables -A INPUT -p tcp --dport 482 -j ACCEPT <eos>
allow incoming TCP traffic on port 483,iptables -A INPUT -p tcp --dport 483 -j ACCEPT <eos>
allow incoming TCP traffic on port 484,iptables -A INPUT -p tcp --dport 484 -j ACCEPT <eos>
allow incoming TCP traffic on port 485,iptables -A INPUT -p tcp --dport 485 -j ACCEPT <eos>
allow incoming TCP traffic on port 486,iptables -A INPUT -p tcp --dport 486 -j ACCEPT <eos>
allow incoming TCP traffic on port 487,iptables -A INPUT -p tcp --dport 487 -j ACCEPT <eos>
allow incoming TCP traffic on port 488,iptables -A INPUT -p tcp --dport 488 -j ACCEPT <eos>
allow incoming TCP traffic on port 489,iptables -A INPUT -p tcp --dport 489 -j ACCEPT <eos>
allow incoming TCP traffic on port 490,iptables -A INPUT -p tcp --dport 490 -j ACCEPT <eos>
allow incoming TCP traffic on port 491,iptables -A INPUT -p tcp --dport 491 -j ACCEPT <eos>
allow incoming TCP traffic on port 492,iptables -A INPUT -p tcp --dport 492 -j ACCEPT <eos>
allow incoming TCP traffic on port 493,iptables -A INPUT -p tcp --dport 493 -j ACCEPT <eos>
allow incoming TCP traffic on port 494,iptables -A INPUT -p tcp --dport 494 -j ACCEPT <eos>
allow incoming TCP traffic on port 495,iptables -A INPUT -p tcp --dport 495 -j ACCEPT <eos>
allow incoming TCP traffic on port 496,iptables -A INPUT -p tcp --dport 496 -j ACCEPT <eos>
allow incoming TCP traffic on port 497,iptables -A INPUT -p tcp --dport 497 -j ACCEPT <eos>
allow incoming TCP traffic on port 498,iptables -A INPUT -p tcp --dport 498 -j ACCEPT <eos>
allow incoming TCP traffic on port 499,iptables -A INPUT -p tcp --dport 499 -j ACCEPT <eos>
allow incoming TCP traffic on port 500,iptables -A INPUT -p tcp --dport 500 -j ACCEPT <eos>
allow incoming TCP traffic on port 501,iptables -A INPUT -p tcp --dport 501 -j ACCEPT <eos>
allow incoming TCP traffic on port 502,iptables -A INPUT -p tcp --dport 502 -j ACCEPT <eos>
allow incoming TCP traffic on port 503,iptables -A INPUT -p tcp --dport 503 -j ACCEPT <eos>
allow incoming TCP traffic on port 504,iptables -A INPUT -p tcp --dport 504 -j ACCEPT <eos>
allow incoming TCP traffic on port 505,iptables -A INPUT -p tcp --dport 505 -j ACCEPT <eos>
allow incoming TCP traffic on port 506,iptables -A INPUT -p tcp --dport 506 -j ACCEPT <eos>
allow incoming TCP traffic on port 507,iptables -A INPUT -p tcp --dport 507 -j ACCEPT <eos>
allow incoming TCP traffic on port 508,iptables -A INPUT -p tcp --dport 508 -j ACCEPT <eos>
allow incoming TCP traffic on port 509,iptables -A INPUT -p tcp --dport 509 -j ACCEPT <eos>
allow incoming TCP traffic on port 510,iptables -A INPUT -p tcp --dport 510 -j ACCEPT <eos>
allow incoming TCP traffic on port 511,iptables -A INPUT -p tcp --dport 511 -j ACCEPT <eos>
allow incoming TCP traffic on port 512,iptables -A INPUT -p tcp --dport 512 -j ACCEPT <eos>
allow incoming TCP traffic on port 513,iptables -A INPUT -p tcp --dport 513 -j ACCEPT <eos>
allow incoming TCP traffic on port 514,iptables -A INPUT -p tcp --dport 514 -j ACCEPT <eos>
allow incoming TCP traffic on port 515,iptables -A INPUT -p tcp --dport 515 -j ACCEPT <eos>
allow incoming TCP traffic on port 516,iptables -A INPUT -p tcp --dport 516 -j ACCEPT <eos>
allow incoming TCP traffic on port 517,iptables -A INPUT -p tcp --dport 517 -j ACCEPT <eos>
allow incoming TCP traffic on port 518,iptables -A INPUT -p tcp --dport 518 -j ACCEPT <eos>
allow incoming TCP traffic on port 519,iptables -A INPUT -p tcp --dport 519 -j ACCEPT <eos>
allow incoming TCP traffic on port 520,iptables -A INPUT -p tcp --dport 520 -j ACCEPT <eos>
allow incoming TCP traffic on port 521,iptables -A INPUT -p tcp --dport 521 -j ACCEPT <eos>
allow incoming TCP traffic on port 522,iptables -A INPUT -p tcp --dport 522 -j ACCEPT <eos>
allow incoming TCP traffic on port 523,iptables -A INPUT -p tcp --dport 523 -j ACCEPT <eos>
allow incoming TCP traffic on port 524,iptables -A INPUT -p tcp --dport 524 -j ACCEPT <eos>
allow incoming TCP traffic on port 525,iptables -A INPUT -p tcp --dport 525 -j ACCEPT <eos>
allow incoming TCP traffic on port 526,iptables -A INPUT -p tcp --dport 526 -j ACCEPT <eos>
allow incoming TCP traffic on port 527,iptables -A INPUT -p tcp --dport 527 -j ACCEPT <eos>
allow incoming TCP traffic on port 528,iptables -A INPUT -p tcp --dport 528 -j ACCEPT <eos>
allow incoming TCP traffic on port 529,iptables -A INPUT -p tcp --dport 529 -j ACCEPT <eos>
allow incoming TCP traffic on port 530,iptables -A INPUT -p tcp --dport 530 -j ACCEPT <eos>
allow incoming TCP traffic on port 531,iptables -A INPUT -p tcp --dport 531 -j ACCEPT <eos>
allow incoming TCP traffic on port 532,iptables -A INPUT -p tcp --dport 532 -j ACCEPT <eos>
allow incoming TCP traffic on port 533,iptables -A INPUT -p tcp --dport 533 -j ACCEPT <eos>
allow incoming TCP traffic on port 534,iptables -A INPUT -p tcp --dport 534 -j ACCEPT <eos>
allow incoming TCP traffic on port 535,iptables -A INPUT -p tcp --dport 535 -j ACCEPT <eos>
allow incoming TCP traffic on port 536,iptables -A INPUT -p tcp --dport 536 -j ACCEPT <eos>
allow incoming TCP traffic on port 537,iptables -A INPUT -p tcp --dport 537 -j ACCEPT <eos>
allow incoming TCP traffic on port 538,iptables -A INPUT -p tcp --dport 538 -j ACCEPT <eos>
allow incoming TCP traffic on port 539,iptables -A INPUT -p tcp --dport 539 -j ACCEPT <eos>
allow incoming TCP traffic on port 540,iptables -A INPUT -p tcp --dport 540 -j ACCEPT <eos>
allow incoming TCP traffic on port 541,iptables -A INPUT -p tcp --dport 541 -j ACCEPT <eos>
allow incoming TCP traffic on port 542,iptables -A INPUT -p tcp --dport 542 -j ACCEPT <eos>
allow incoming TCP traffic on port 543,iptables -A INPUT -p tcp --dport 543 -j ACCEPT <eos>
allow incoming TCP traffic on port 544,iptables -A INPUT -p tcp --dport 544 -j ACCEPT <eos>
allow incoming TCP traffic on port 545,iptables -A INPUT -p tcp --dport 545 -j ACCEPT <eos>
allow incoming TCP traffic on port 546,iptables -A INPUT -p tcp --dport 546 -j ACCEPT <eos>
allow incoming TCP traffic on port 547,iptables -A INPUT -p tcp --dport 547 -j ACCEPT <eos>
allow incoming TCP traffic on port 548,iptables -A INPUT -p tcp --dport 548 -j ACCEPT <eos>
allow incoming TCP traffic on port 549,iptables -A INPUT -p tcp --dport 549 -j ACCEPT <eos>
allow incoming TCP traffic on port 550,iptables -A INPUT -p tcp --dport 550 -j ACCEPT <eos>
allow incoming TCP traffic on port 551,iptables -A INPUT -p tcp --dport 551 -j ACCEPT <eos>
allow incoming TCP traffic on port 552,iptables -A INPUT -p tcp --dport 552 -j ACCEPT <eos>
allow incoming TCP traffic on port 553,iptables -A INPUT -p tcp --dport 553 -j ACCEPT <eos>
allow incoming TCP traffic on port 554,iptables -A INPUT -p tcp --dport 554 -j ACCEPT <eos>
allow incoming TCP traffic on port 555,iptables -A INPUT -p tcp --dport 555 -j ACCEPT <eos>
allow incoming TCP traffic on port 556,iptables -A INPUT -p tcp --dport 556 -j ACCEPT <eos>
allow incoming TCP traffic on port 557,iptables -A INPUT -p tcp --dport 557 -j ACCEPT <eos>
allow incoming TCP traffic on port 558,iptables -A INPUT -p tcp --dport 558 -j ACCEPT <eos>
allow incoming TCP traffic on port 559,iptables -A INPUT -p tcp --dport 559 -j ACCEPT <eos>
allow incoming TCP traffic on port 560,iptables -A INPUT -p tcp --dport 560 -j ACCEPT <eos>
allow incoming TCP traffic on port 561,iptables -A INPUT -p tcp --dport 561 -j ACCEPT <eos>
allow incoming TCP traffic on port 562,iptables -A INPUT -p tcp --dport 562 -j ACCEPT <eos>
allow incoming TCP traffic on port 563,iptables -A INPUT -p tcp --dport 563 -j ACCEPT <eos>
allow incoming TCP traffic on port 564,iptables -A INPUT -p tcp --dport 564 -j ACCEPT <eos>
allow incoming TCP traffic on port 565,iptables -A INPUT -p tcp --dport 565 -j ACCEPT <eos>
allow incoming TCP traffic on port 566,iptables -A INPUT -p tcp --dport 566 -j ACCEPT <eos>
allow incoming TCP traffic on port 567,iptables -A INPUT -p tcp --dport 567 -j ACCEPT <eos>
allow incoming TCP traffic on port 568,iptables -A INPUT -p tcp --dport 568 -j ACCEPT <eos>
allow incoming TCP traffic on port 569,iptables -A INPUT -p tcp --dport 569 -j ACCEPT <eos>
allow incoming TCP traffic on port 570,iptables -A INPUT -p tcp --dport 570 -j ACCEPT <eos>
allow incoming TCP traffic on port 571,iptables -A INPUT -p tcp --dport 571 -j ACCEPT <eos>
allow incoming TCP traffic on port 572,iptables -A INPUT -p tcp --dport 572 -j ACCEPT <eos>
allow incoming TCP traffic on port 573,iptables -A INPUT -p tcp --dport 573 -j ACCEPT <eos>
allow incoming TCP traffic on port 574,iptables -A INPUT -p tcp --dport 574 -j ACCEPT <eos>
allow incoming TCP traffic on port 575,iptables -A INPUT -p tcp --dport 575 -j ACCEPT <eos>
allow incoming TCP traffic on port 576,iptables -A INPUT -p tcp --dport 576 -j ACCEPT <eos>
allow incoming TCP traffic on port 577,iptables -A INPUT -p tcp --dport 577 -j ACCEPT <eos>
allow incoming TCP traffic on port 578,iptables -A INPUT -p tcp --dport 578 -j ACCEPT <eos>
allow incoming TCP traffic on port 579,iptables -A INPUT -p tcp --dport 579 -j ACCEPT <eos>
allow incoming TCP traffic on port 580,iptables -A INPUT -p tcp --dport 580 -j ACCEPT <eos>
allow incoming TCP traffic on port 581,iptables -A INPUT -p tcp --dport 581 -j ACCEPT <eos>
allow incoming TCP traffic on port 582,iptables -A INPUT -p tcp --dport 582 -j ACCEPT <eos>
allow incoming TCP traffic on port 583,iptables -A INPUT -p tcp --dport 583 -j ACCEPT <eos>
allow incoming TCP traffic on port 584,iptables -A INPUT -p tcp --dport 584 -j ACCEPT <eos>
allow incoming TCP traffic on port 585,iptables -A INPUT -p tcp --dport 585 -j ACCEPT <eos>
allow incoming TCP traffic on port 586,iptables -A INPUT -p tcp --dport 586 -j ACCEPT <eos>
allow incoming TCP traffic on port 587,iptables -A INPUT -p tcp --dport 587 -j ACCEPT <eos>
allow incoming TCP traffic on port 588,iptables -A INPUT -p tcp --dport 588 -j ACCEPT <eos>
allow incoming TCP traffic on port 589,iptables -A INPUT -p tcp --dport 589 -j ACCEPT <eos>
allow incoming TCP traffic on port 590,iptables -A INPUT -p tcp --dport 590 -j ACCEPT <eos>
allow incoming TCP traffic on port 591,iptables -A INPUT -p tcp --dport 591 -j ACCEPT <eos>
allow incoming TCP traffic on port 592,iptables -A INPUT -p tcp --dport 592 -j ACCEPT <eos>
allow incoming TCP traffic on port 593,iptables -A INPUT -p tcp --dport 593 -j ACCEPT <eos>
allow incoming TCP traffic on port 594,iptables -A INPUT -p tcp --dport 594 -j ACCEPT <eos>
allow incoming TCP traffic on port 595,iptables -A INPUT -p tcp --dport 595 -j ACCEPT <eos>
allow incoming TCP traffic on port 596,iptables -A INPUT -p tcp --dport 596 -j ACCEPT <eos>
allow incoming TCP traffic on port 597,iptables -A INPUT -p tcp --dport 597 -j ACCEPT <eos>
allow incoming TCP traffic on port 598,iptables -A INPUT -p tcp --dport 598 -j ACCEPT <eos>
allow incoming TCP traffic on port 599,iptables -A INPUT -p tcp --dport 599 -j ACCEPT <eos>
allow incoming TCP traffic on port 600,iptables -A INPUT -p tcp --dport 600 -j ACCEPT <eos>
allow incoming TCP traffic on port 601,iptables -A INPUT -p tcp --dport 601 -j ACCEPT <eos>
allow incoming TCP traffic on port 602,iptables -A INPUT -p tcp --dport 602 -j ACCEPT <eos>
allow incoming TCP traffic on port 603,iptables -A INPUT -p tcp --dport 603 -j ACCEPT <eos>
allow incoming TCP traffic on port 604,iptables -A INPUT -p tcp --dport 604 -j ACCEPT <eos>
allow incoming TCP traffic on port 605,iptables -A INPUT -p tcp --dport 605 -j ACCEPT <eos>
allow incoming TCP traffic on port 606,iptables -A INPUT -p tcp --dport 606 -j ACCEPT <eos>
allow incoming TCP traffic on port 607,iptables -A INPUT -p tcp --dport 607 -j ACCEPT <eos>
allow incoming TCP traffic on port 608,iptables -A INPUT -p tcp --dport 608 -j ACCEPT <eos>
allow incoming TCP traffic on port 609,iptables -A INPUT -p tcp --dport 609 -j ACCEPT <eos>
allow incoming TCP traffic on port 610,iptables -A INPUT -p tcp --dport 610 -j ACCEPT <eos>
allow incoming TCP traffic on port 611,iptables -A INPUT -p tcp --dport 611 -j ACCEPT <eos>
allow incoming TCP traffic on port 612,iptables -A INPUT -p tcp --dport 612 -j ACCEPT <eos>
allow incoming TCP traffic on port 613,iptables -A INPUT -p tcp --dport 613 -j ACCEPT <eos>
allow incoming TCP traffic on port 614,iptables -A INPUT -p tcp --dport 614 -j ACCEPT <eos>
allow incoming TCP traffic on port 615,iptables -A INPUT -p tcp --dport 615 -j ACCEPT <eos>
allow incoming TCP traffic on port 616,iptables -A INPUT -p tcp --dport 616 -j ACCEPT <eos>
allow incoming TCP traffic on port 617,iptables -A INPUT -p tcp --dport 617 -j ACCEPT <eos>
allow incoming TCP traffic on port 618,iptables -A INPUT -p tcp --dport 618 -j ACCEPT <eos>
allow incoming TCP traffic on port 619,iptables -A INPUT -p tcp --dport 619 -j ACCEPT <eos>
allow incoming TCP traffic on port 620,iptables -A INPUT -p tcp --dport 620 -j ACCEPT <eos>
allow incoming TCP traffic on port 621,iptables -A INPUT -p tcp --dport 621 -j ACCEPT <eos>
allow incoming TCP traffic on port 622,iptables -A INPUT -p tcp --dport 622 -j ACCEPT <eos>
allow incoming TCP traffic on port 623,iptables -A INPUT -p tcp --dport 623 -j ACCEPT <eos>
allow incoming TCP traffic on port 624,iptables -A INPUT -p tcp --dport 624 -j ACCEPT <eos>
allow incoming TCP traffic on port 625,iptables -A INPUT -p tcp --dport 625 -j ACCEPT <eos>
allow incoming TCP traffic on port 626,iptables -A INPUT -p tcp --dport 626 -j ACCEPT <eos>
allow incoming TCP traffic on port 627,iptables -A INPUT -p tcp --dport 627 -j ACCEPT <eos>
allow incoming TCP traffic on port 628,iptables -A INPUT -p tcp --dport 628 -j ACCEPT <eos>
allow incoming TCP traffic on port 629,iptables -A INPUT -p tcp --dport 629 -j ACCEPT <eos>
allow incoming TCP traffic on port 630,iptables -A INPUT -p tcp --dport 630 -j ACCEPT <eos>
allow incoming TCP traffic on port 631,iptables -A INPUT -p tcp --dport 631 -j ACCEPT <eos>
allow incoming TCP traffic on port 632,iptables -A INPUT -p tcp --dport 632 -j ACCEPT <eos>
allow incoming TCP traffic on port 633,iptables -A INPUT -p tcp --dport 633 -j ACCEPT <eos>
allow incoming TCP traffic on port 634,iptables -A INPUT -p tcp --dport 634 -j ACCEPT <eos>
allow incoming TCP traffic on port 635,iptables -A INPUT -p tcp --dport 635 -j ACCEPT <eos>
allow incoming TCP traffic on port 636,iptables -A INPUT -p tcp --dport 636 -j ACCEPT <eos>
allow incoming TCP traffic on port 637,iptables -A INPUT -p tcp --dport 637 -j ACCEPT <eos>
allow incoming TCP traffic on port 638,iptables -A INPUT -p tcp --dport 638 -j ACCEPT <eos>
allow incoming TCP traffic on port 639,iptables -A INPUT -p tcp --dport 639 -j ACCEPT <eos>
allow incoming TCP traffic on port 640,iptables -A INPUT -p tcp --dport 640 -j ACCEPT <eos>
allow incoming TCP traffic on port 641,iptables -A INPUT -p tcp --dport 641 -j ACCEPT <eos>
allow incoming TCP traffic on port 642,iptables -A INPUT -p tcp --dport 642 -j ACCEPT <eos>
allow incoming TCP traffic on port 643,iptables -A INPUT -p tcp --dport 643 -j ACCEPT <eos>
allow incoming TCP traffic on port 644,iptables -A INPUT -p tcp --dport 644 -j ACCEPT <eos>
allow incoming TCP traffic on port 645,iptables -A INPUT -p tcp --dport 645 -j ACCEPT <eos>
allow incoming TCP traffic on port 646,iptables -A INPUT -p tcp --dport 646 -j ACCEPT <eos>
allow incoming TCP traffic on port 647,iptables -A INPUT -p tcp --dport 647 -j ACCEPT <eos>
allow incoming TCP traffic on port 648,iptables -A INPUT -p tcp --dport 648 -j ACCEPT <eos>
allow incoming TCP traffic on port 649,iptables -A INPUT -p tcp --dport 649 -j ACCEPT <eos>
allow incoming TCP traffic on port 650,iptables -A INPUT -p tcp --dport 650 -j ACCEPT <eos>
allow incoming TCP traffic on port 651,iptables -A INPUT -p tcp --dport 651 -j ACCEPT <eos>
allow incoming TCP traffic on port 652,iptables -A INPUT -p tcp --dport 652 -j ACCEPT <eos>
allow incoming TCP traffic on port 653,iptables -A INPUT -p tcp --dport 653 -j ACCEPT <eos>
allow incoming TCP traffic on port 654,iptables -A INPUT -p tcp --dport 654 -j ACCEPT <eos>
allow incoming TCP traffic on port 655,iptables -A INPUT -p tcp --dport 655 -j ACCEPT <eos>
allow incoming TCP traffic on port 656,iptables -A INPUT -p tcp --dport 656 -j ACCEPT <eos>
allow incoming TCP traffic on port 657,iptables -A INPUT -p tcp --dport 657 -j ACCEPT <eos>
allow incoming TCP traffic on port 658,iptables -A INPUT -p tcp --dport 658 -j ACCEPT <eos>
allow incoming TCP traffic on port 659,iptables -A INPUT -p tcp --dport 659 -j ACCEPT <eos>
allow incoming TCP traffic on port 660,iptables -A INPUT -p tcp --dport 660 -j ACCEPT <eos>
allow incoming TCP traffic on port 661,iptables -A INPUT -p tcp --dport 661 -j ACCEPT <eos>
allow incoming TCP traffic on port 662,iptables -A INPUT -p tcp --dport 662 -j ACCEPT <eos>
allow incoming TCP traffic on port 663,iptables -A INPUT -p tcp --dport 663 -j ACCEPT <eos>
allow incoming TCP traffic on port 664,iptables -A INPUT -p tcp --dport 664 -j ACCEPT <eos>
allow incoming TCP traffic on port 665,iptables -A INPUT -p tcp --dport 665 -j ACCEPT <eos>
allow incoming TCP traffic on port 666,iptables -A INPUT -p tcp --dport 666 -j ACCEPT <eos>
allow incoming TCP traffic on port 667,iptables -A INPUT -p tcp --dport 667 -j ACCEPT <eos>
allow incoming TCP traffic on port 668,iptables -A INPUT -p tcp --dport 668 -j ACCEPT <eos>
allow incoming TCP traffic on port 669,iptables -A INPUT -p tcp --dport 669 -j ACCEPT <eos>
allow incoming TCP traffic on port 670,iptables -A INPUT -p tcp --dport 670 -j ACCEPT <eos>
allow incoming TCP traffic on port 671,iptables -A INPUT -p tcp --dport 671 -j ACCEPT <eos>
allow incoming TCP traffic on port 672,iptables -A INPUT -p tcp --dport 672 -j ACCEPT <eos>
allow incoming TCP traffic on port 673,iptables -A INPUT -p tcp --dport 673 -j ACCEPT <eos>
allow incoming TCP traffic on port 674,iptables -A INPUT -p tcp --dport 674 -j ACCEPT <eos>
allow incoming TCP traffic on port 675,iptables -A INPUT -p tcp --dport 675 -j ACCEPT <eos>
allow incoming TCP traffic on port 676,iptables -A INPUT -p tcp --dport 676 -j ACCEPT <eos>
allow incoming TCP traffic on port 677,iptables -A INPUT -p tcp --dport 677 -j ACCEPT <eos>
allow incoming TCP traffic on port 678,iptables -A INPUT -p tcp --dport 678 -j ACCEPT <eos>
allow incoming TCP traffic on port 679,iptables -A INPUT -p tcp --dport 679 -j ACCEPT <eos>
allow incoming TCP traffic on port 680,iptables -A INPUT -p tcp --dport 680 -j ACCEPT <eos>
allow incoming TCP traffic on port 681,iptables -A INPUT -p tcp --dport 681 -j ACCEPT <eos>
allow incoming TCP traffic on port 682,iptables -A INPUT -p tcp --dport 682 -j ACCEPT <eos>
allow incoming TCP traffic on port 683,iptables -A INPUT -p tcp --dport 683 -j ACCEPT <eos>
allow incoming TCP traffic on port 684,iptables -A INPUT -p tcp --dport 684 -j ACCEPT <eos>
allow incoming TCP traffic on port 685,iptables -A INPUT -p tcp --dport 685 -j ACCEPT <eos>
allow incoming TCP traffic on port 686,iptables -A INPUT -p tcp --dport 686 -j ACCEPT <eos>
allow incoming TCP traffic on port 687,iptables -A INPUT -p tcp --dport 687 -j ACCEPT <eos>
allow incoming TCP traffic on port 688,iptables -A INPUT -p tcp --dport 688 -j ACCEPT <eos>
allow incoming TCP traffic on port 689,iptables -A INPUT -p tcp --dport 689 -j ACCEPT <eos>
allow incoming TCP traffic on port 690,iptables -A INPUT -p tcp --dport 690 -j ACCEPT <eos>
allow incoming TCP traffic on port 691,iptables -A INPUT -p tcp --dport 691 -j ACCEPT <eos>
allow incoming TCP traffic on port 692,iptables -A INPUT -p tcp --dport 692 -j ACCEPT <eos>
allow incoming TCP traffic on port 693,iptables -A INPUT -p tcp --dport 693 -j ACCEPT <eos>
allow incoming TCP traffic on port 694,iptables -A INPUT -p tcp --dport 694 -j ACCEPT <eos>
allow incoming TCP traffic on port 695,iptables -A INPUT -p tcp --dport 695 -j ACCEPT <eos>
allow incoming TCP traffic on port 696,iptables -A INPUT -p tcp --dport 696 -j ACCEPT <eos>
allow incoming TCP traffic on port 697,iptables -A INPUT -p tcp --dport 697 -j ACCEPT <eos>
allow incoming TCP traffic on port 698,iptables -A INPUT -p tcp --dport 698 -j ACCEPT <eos>
allow incoming TCP traffic on port 699,iptables -A INPUT -p tcp --dport 699 -j ACCEPT <eos>
allow incoming TCP traffic on port 700,iptables -A INPUT -p tcp --dport 700 -j ACCEPT <eos>
allow incoming TCP traffic on port 701,iptables -A INPUT -p tcp --dport 701 -j ACCEPT <eos>
allow incoming TCP traffic on port 702,iptables -A INPUT -p tcp --dport 702 -j ACCEPT <eos>
allow incoming TCP traffic on port 703,iptables -A INPUT -p tcp --dport 703 -j ACCEPT <eos>
allow incoming TCP traffic on port 704,iptables -A INPUT -p tcp --dport 704 -j ACCEPT <eos>
allow incoming TCP traffic on port 705,iptables -A INPUT -p tcp --dport 705 -j ACCEPT <eos>
allow incoming TCP traffic on port 706,iptables -A INPUT -p tcp --dport 706 -j ACCEPT <eos>
allow incoming TCP traffic on port 707,iptables -A INPUT -p tcp --dport 707 -j ACCEPT <eos>
allow incoming TCP traffic on port 708,iptables -A INPUT -p tcp --dport 708 -j ACCEPT <eos>
allow incoming TCP traffic on port 709,iptables -A INPUT -p tcp --dport 709 -j ACCEPT <eos>
allow incoming TCP traffic on port 710,iptables -A INPUT -p tcp --dport 710 -j ACCEPT <eos>
allow incoming TCP traffic on port 711,iptables -A INPUT -p tcp --dport 711 -j ACCEPT <eos>
allow incoming TCP traffic on port 712,iptables -A INPUT -p tcp --dport 712 -j ACCEPT <eos>
allow incoming TCP traffic on port 713,iptables -A INPUT -p tcp --dport 713 -j ACCEPT <eos>
allow incoming TCP traffic on port 714,iptables -A INPUT -p tcp --dport 714 -j ACCEPT <eos>
allow incoming TCP traffic on port 715,iptables -A INPUT -p tcp --dport 715 -j ACCEPT <eos>
allow incoming TCP traffic on port 716,iptables -A INPUT -p tcp --dport 716 -j ACCEPT <eos>
allow incoming TCP traffic on port 717,iptables -A INPUT -p tcp --dport 717 -j ACCEPT <eos>
allow incoming TCP traffic on port 718,iptables -A INPUT -p tcp --dport 718 -j ACCEPT <eos>
allow incoming TCP traffic on port 719,iptables -A INPUT -p tcp --dport 719 -j ACCEPT <eos>
allow incoming TCP traffic on port 720,iptables -A INPUT -p tcp --dport 720 -j ACCEPT <eos>
allow incoming TCP traffic on port 721,iptables -A INPUT -p tcp --dport 721 -j ACCEPT <eos>
allow incoming TCP traffic on port 722,iptables -A INPUT -p tcp --dport 722 -j ACCEPT <eos>
allow incoming TCP traffic on port 723,iptables -A INPUT -p tcp --dport 723 -j ACCEPT <eos>
allow incoming TCP traffic on port 724,iptables -A INPUT -p tcp --dport 724 -j ACCEPT <eos>
allow incoming TCP traffic on port 725,iptables -A INPUT -p tcp --dport 725 -j ACCEPT <eos>
allow incoming TCP traffic on port 726,iptables -A INPUT -p tcp --dport 726 -j ACCEPT <eos>
allow incoming TCP traffic on port 727,iptables -A INPUT -p tcp --dport 727 -j ACCEPT <eos>
allow incoming TCP traffic on port 728,iptables -A INPUT -p tcp --dport 728 -j ACCEPT <eos>
allow incoming TCP traffic on port 729,iptables -A INPUT -p tcp --dport 729 -j ACCEPT <eos>
allow incoming TCP traffic on port 730,iptables -A INPUT -p tcp --dport 730 -j ACCEPT <eos>
allow incoming TCP traffic on port 731,iptables -A INPUT -p tcp --dport 731 -j ACCEPT <eos>
allow incoming TCP traffic on port 732,iptables -A INPUT -p tcp --dport 732 -j ACCEPT <eos>
allow incoming TCP traffic on port 733,iptables -A INPUT -p tcp --dport 733 -j ACCEPT <eos>
allow incoming TCP traffic on port 734,iptables -A INPUT -p tcp --dport 734 -j ACCEPT <eos>
allow incoming TCP traffic on port 735,iptables -A INPUT -p tcp --dport 735 -j ACCEPT <eos>
allow incoming TCP traffic on port 736,iptables -A INPUT -p tcp --dport 736 -j ACCEPT <eos>
allow incoming TCP traffic on port 737,iptables -A INPUT -p tcp --dport 737 -j ACCEPT <eos>
allow incoming TCP traffic on port 738,iptables -A INPUT -p tcp --dport 738 -j ACCEPT <eos>
allow incoming TCP traffic on port 739,iptables -A INPUT -p tcp --dport 739 -j ACCEPT <eos>
allow incoming TCP traffic on port 740,iptables -A INPUT -p tcp --dport 740 -j ACCEPT <eos>
allow incoming TCP traffic on port 741,iptables -A INPUT -p tcp --dport 741 -j ACCEPT <eos>
allow incoming TCP traffic on port 742,iptables -A INPUT -p tcp --dport 742 -j ACCEPT <eos>
allow incoming TCP traffic on port 743,iptables -A INPUT -p tcp --dport 743 -j ACCEPT <eos>
allow incoming TCP traffic on port 744,iptables -A INPUT -p tcp --dport 744 -j ACCEPT <eos>
allow incoming TCP traffic on port 745,iptables -A INPUT -p tcp --dport 745 -j ACCEPT <eos>
allow incoming TCP traffic on port 746,iptables -A INPUT -p tcp --dport 746 -j ACCEPT <eos>
allow incoming TCP traffic on port 747,iptables -A INPUT -p tcp --dport 747 -j ACCEPT <eos>
allow incoming TCP traffic on port 748,iptables -A INPUT -p tcp --dport 748 -j ACCEPT <eos>
allow incoming TCP traffic on port 749,iptables -A INPUT -p tcp --dport 749 -j ACCEPT <eos>
allow incoming TCP traffic on port 750,iptables -A INPUT -p tcp --dport 750 -j ACCEPT <eos>
allow incoming TCP traffic on port 751,iptables -A INPUT -p tcp --dport 751 -j ACCEPT <eos>
allow incoming TCP traffic on port 752,iptables -A INPUT -p tcp --dport 752 -j ACCEPT <eos>
allow incoming TCP traffic on port 753,iptables -A INPUT -p tcp --dport 753 -j ACCEPT <eos>
allow incoming TCP traffic on port 754,iptables -A INPUT -p tcp --dport 754 -j ACCEPT <eos>
allow incoming TCP traffic on port 755,iptables -A INPUT -p tcp --dport 755 -j ACCEPT <eos>
allow incoming TCP traffic on port 756,iptables -A INPUT -p tcp --dport 756 -j ACCEPT <eos>
allow incoming TCP traffic on port 757,iptables -A INPUT -p tcp --dport 757 -j ACCEPT <eos>
allow incoming TCP traffic on port 758,iptables -A INPUT -p tcp --dport 758 -j ACCEPT <eos>
allow incoming TCP traffic on port 759,iptables -A INPUT -p tcp --dport 759 -j ACCEPT <eos>
allow incoming TCP traffic on port 760,iptables -A INPUT -p tcp --dport 760 -j ACCEPT <eos>
allow incoming TCP traffic on port 761,iptables -A INPUT -p tcp --dport 761 -j ACCEPT <eos>
allow incoming TCP traffic on port 762,iptables -A INPUT -p tcp --dport 762 -j ACCEPT <eos>
allow incoming TCP traffic on port 763,iptables -A INPUT -p tcp --dport 763 -j ACCEPT <eos>
allow incoming TCP traffic on port 764,iptables -A INPUT -p tcp --dport 764 -j ACCEPT <eos>
allow incoming TCP traffic on port 765,iptables -A INPUT -p tcp --dport 765 -j ACCEPT <eos>
allow incoming TCP traffic on port 766,iptables -A INPUT -p tcp --dport 766 -j ACCEPT <eos>
allow incoming TCP traffic on port 767,iptables -A INPUT -p tcp --dport 767 -j ACCEPT <eos>
allow incoming TCP traffic on port 768,iptables -A INPUT -p tcp --dport 768 -j ACCEPT <eos>
allow incoming TCP traffic on port 769,iptables -A INPUT -p tcp --dport 769 -j ACCEPT <eos>
allow incoming TCP traffic on port 770,iptables -A INPUT -p tcp --dport 770 -j ACCEPT <eos>
allow incoming TCP traffic on port 771,iptables -A INPUT -p tcp --dport 771 -j ACCEPT <eos>
allow incoming TCP traffic on port 772,iptables -A INPUT -p tcp --dport 772 -j ACCEPT <eos>
allow incoming TCP traffic on port 773,iptables -A INPUT -p tcp --dport 773 -j ACCEPT <eos>
allow incoming TCP traffic on port 774,iptables -A INPUT -p tcp --dport 774 -j ACCEPT <eos>
allow incoming TCP traffic on port 775,iptables -A INPUT -p tcp --dport 775 -j ACCEPT <eos>
allow incoming TCP traffic on port 776,iptables -A INPUT -p tcp --dport 776 -j ACCEPT <eos>
allow incoming TCP traffic on port 777,iptables -A INPUT -p tcp --dport 777 -j ACCEPT <eos>
allow incoming TCP traffic on port 778,iptables -A INPUT -p tcp --dport 778 -j ACCEPT <eos>
allow incoming TCP traffic on port 779,iptables -A INPUT -p tcp --dport 779 -j ACCEPT <eos>
allow incoming TCP traffic on port 780,iptables -A INPUT -p tcp --dport 780 -j ACCEPT <eos>
allow incoming TCP traffic on port 781,iptables -A INPUT -p tcp --dport 781 -j ACCEPT <eos>
allow incoming TCP traffic on port 782,iptables -A INPUT -p tcp --dport 782 -j ACCEPT <eos>
allow incoming TCP traffic on port 783,iptables -A INPUT -p tcp --dport 783 -j ACCEPT <eos>
allow incoming TCP traffic on port 784,iptables -A INPUT -p tcp --dport 784 -j ACCEPT <eos>
allow incoming TCP traffic on port 785,iptables -A INPUT -p tcp --dport 785 -j ACCEPT <eos>
allow incoming TCP traffic on port 786,iptables -A INPUT -p tcp --dport 786 -j ACCEPT <eos>
allow incoming TCP traffic on port 787,iptables -A INPUT -p tcp --dport 787 -j ACCEPT <eos>
allow incoming TCP traffic on port 788,iptables -A INPUT -p tcp --dport 788 -j ACCEPT <eos>
allow incoming TCP traffic on port 789,iptables -A INPUT -p tcp --dport 789 -j ACCEPT <eos>
allow incoming TCP traffic on port 790,iptables -A INPUT -p tcp --dport 790 -j ACCEPT <eos>
allow incoming TCP traffic on port 791,iptables -A INPUT -p tcp --dport 791 -j ACCEPT <eos>
allow incoming TCP traffic on port 792,iptables -A INPUT -p tcp --dport 792 -j ACCEPT <eos>
allow incoming TCP traffic on port 793,iptables -A INPUT -p tcp --dport 793 -j ACCEPT <eos>
allow incoming TCP traffic on port 794,iptables -A INPUT -p tcp --dport 794 -j ACCEPT <eos>
allow incoming TCP traffic on port 795,iptables -A INPUT -p tcp --dport 795 -j ACCEPT <eos>
allow incoming TCP traffic on port 796,iptables -A INPUT -p tcp --dport 796 -j ACCEPT <eos>
allow incoming TCP traffic on port 797,iptables -A INPUT -p tcp --dport 797 -j ACCEPT <eos>
allow incoming TCP traffic on port 798,iptables -A INPUT -p tcp --dport 798 -j ACCEPT <eos>
allow incoming TCP traffic on port 799,iptables -A INPUT -p tcp --dport 799 -j ACCEPT <eos>
allow incoming TCP traffic on port 800,iptables -A INPUT -p tcp --dport 800 -j ACCEPT <eos>
allow incoming TCP traffic on port 801,iptables -A INPUT -p tcp --dport 801 -j ACCEPT <eos>
allow incoming TCP traffic on port 802,iptables -A INPUT -p tcp --dport 802 -j ACCEPT <eos>
allow incoming TCP traffic on port 803,iptables -A INPUT -p tcp --dport 803 -j ACCEPT <eos>
allow incoming TCP traffic on port 804,iptables -A INPUT -p tcp --dport 804 -j ACCEPT <eos>
allow incoming TCP traffic on port 805,iptables -A INPUT -p tcp --dport 805 -j ACCEPT <eos>
allow incoming TCP traffic on port 806,iptables -A INPUT -p tcp --dport 806 -j ACCEPT <eos>
allow incoming TCP traffic on port 807,iptables -A INPUT -p tcp --dport 807 -j ACCEPT <eos>
allow incoming TCP traffic on port 808,iptables -A INPUT -p tcp --dport 808 -j ACCEPT <eos>
allow incoming TCP traffic on port 809,iptables -A INPUT -p tcp --dport 809 -j ACCEPT <eos>
allow incoming TCP traffic on port 810,iptables -A INPUT -p tcp --dport 810 -j ACCEPT <eos>
allow incoming TCP traffic on port 811,iptables -A INPUT -p tcp --dport 811 -j ACCEPT <eos>
allow incoming TCP traffic on port 812,iptables -A INPUT -p tcp --dport 812 -j ACCEPT <eos>
allow incoming TCP traffic on port 813,iptables -A INPUT -p tcp --dport 813 -j ACCEPT <eos>
allow incoming TCP traffic on port 814,iptables -A INPUT -p tcp --dport 814 -j ACCEPT <eos>
allow incoming TCP traffic on port 815,iptables -A INPUT -p tcp --dport 815 -j ACCEPT <eos>
allow incoming TCP traffic on port 816,iptables -A INPUT -p tcp --dport 816 -j ACCEPT <eos>
allow incoming TCP traffic on port 817,iptables -A INPUT -p tcp --dport 817 -j ACCEPT <eos>
allow incoming TCP traffic on port 818,iptables -A INPUT -p tcp --dport 818 -j ACCEPT <eos>
allow incoming TCP traffic on port 819,iptables -A INPUT -p tcp --dport 819 -j ACCEPT <eos>
allow incoming TCP traffic on port 820,iptables -A INPUT -p tcp --dport 820 -j ACCEPT <eos>
allow incoming TCP traffic on port 821,iptables -A INPUT -p tcp --dport 821 -j ACCEPT <eos>
allow incoming TCP traffic on port 822,iptables -A INPUT -p tcp --dport 822 -j ACCEPT <eos>
allow incoming TCP traffic on port 823,iptables -A INPUT -p tcp --dport 823 -j ACCEPT <eos>
allow incoming TCP traffic on port 824,iptables -A INPUT -p tcp --dport 824 -j ACCEPT <eos>
allow incoming TCP traffic on port 825,iptables -A INPUT -p tcp --dport 825 -j ACCEPT <eos>
allow incoming TCP traffic on port 826,iptables -A INPUT -p tcp --dport 826 -j ACCEPT <eos>
allow incoming TCP traffic on port 827,iptables -A INPUT -p tcp --dport 827 -j ACCEPT <eos>
allow incoming TCP traffic on port 828,iptables -A INPUT -p tcp --dport 828 -j ACCEPT <eos>
allow incoming TCP traffic on port 829,iptables -A INPUT -p tcp --dport 829 -j ACCEPT <eos>
allow incoming TCP traffic on port 830,iptables -A INPUT -p tcp --dport 830 -j ACCEPT <eos>
allow incoming TCP traffic on port 831,iptables -A INPUT -p tcp --dport 831 -j ACCEPT <eos>
allow incoming TCP traffic on port 832,iptables -A INPUT -p tcp --dport 832 -j ACCEPT <eos>
allow incoming TCP traffic on port 833,iptables -A INPUT -p tcp --dport 833 -j ACCEPT <eos>
allow incoming TCP traffic on port 834,iptables -A INPUT -p tcp --dport 834 -j ACCEPT <eos>
allow incoming TCP traffic on port 835,iptables -A INPUT -p tcp --dport 835 -j ACCEPT <eos>
allow incoming TCP traffic on port 836,iptables -A INPUT -p tcp --dport 836 -j ACCEPT <eos>
allow incoming TCP traffic on port 837,iptables -A INPUT -p tcp --dport 837 -j ACCEPT <eos>
allow incoming TCP traffic on port 838,iptables -A INPUT -p tcp --dport 838 -j ACCEPT <eos>
allow incoming TCP traffic on port 839,iptables -A INPUT -p tcp --dport 839 -j ACCEPT <eos>
allow incoming TCP traffic on port 840,iptables -A INPUT -p tcp --dport 840 -j ACCEPT <eos>
allow incoming TCP traffic on port 841,iptables -A INPUT -p tcp --dport 841 -j ACCEPT <eos>
allow incoming TCP traffic on port 842,iptables -A INPUT -p tcp --dport 842 -j ACCEPT <eos>
allow incoming TCP traffic on port 843,iptables -A INPUT -p tcp --dport 843 -j ACCEPT <eos>
allow incoming TCP traffic on port 844,iptables -A INPUT -p tcp --dport 844 -j ACCEPT <eos>
allow incoming TCP traffic on port 845,iptables -A INPUT -p tcp --dport 845 -j ACCEPT <eos>
allow incoming TCP traffic on port 846,iptables -A INPUT -p tcp --dport 846 -j ACCEPT <eos>
allow incoming TCP traffic on port 847,iptables -A INPUT -p tcp --dport 847 -j ACCEPT <eos>
allow incoming TCP traffic on port 848,iptables -A INPUT -p tcp --dport 848 -j ACCEPT <eos>
allow incoming TCP traffic on port 849,iptables -A INPUT -p tcp --dport 849 -j ACCEPT <eos>
allow incoming TCP traffic on port 850,iptables -A INPUT -p tcp --dport 850 -j ACCEPT <eos>
allow incoming TCP traffic on port 851,iptables -A INPUT -p tcp --dport 851 -j ACCEPT <eos>
allow incoming TCP traffic on port 852,iptables -A INPUT -p tcp --dport 852 -j ACCEPT <eos>
allow incoming TCP traffic on port 853,iptables -A INPUT -p tcp --dport 853 -j ACCEPT <eos>
allow incoming TCP traffic on port 854,iptables -A INPUT -p tcp --dport 854 -j ACCEPT <eos>
allow incoming TCP traffic on port 855,iptables -A INPUT -p tcp --dport 855 -j ACCEPT <eos>
allow incoming TCP traffic on port 856,iptables -A INPUT -p tcp --dport 856 -j ACCEPT <eos>
allow incoming TCP traffic on port 857,iptables -A INPUT -p tcp --dport 857 -j ACCEPT <eos>
allow incoming TCP traffic on port 858,iptables -A INPUT -p tcp --dport 858 -j ACCEPT <eos>
allow incoming TCP traffic on port 859,iptables -A INPUT -p tcp --dport 859 -j ACCEPT <eos>
allow incoming TCP traffic on port 860,iptables -A INPUT -p tcp --dport 860 -j ACCEPT <eos>
allow incoming TCP traffic on port 861,iptables -A INPUT -p tcp --dport 861 -j ACCEPT <eos>
allow incoming TCP traffic on port 862,iptables -A INPUT -p tcp --dport 862 -j ACCEPT <eos>
allow incoming TCP traffic on port 863,iptables -A INPUT -p tcp --dport 863 -j ACCEPT <eos>
allow incoming TCP traffic on port 864,iptables -A INPUT -p tcp --dport 864 -j ACCEPT <eos>
allow incoming TCP traffic on port 865,iptables -A INPUT -p tcp --dport 865 -j ACCEPT <eos>
allow incoming TCP traffic on port 866,iptables -A INPUT -p tcp --dport 866 -j ACCEPT <eos>
allow incoming TCP traffic on port 867,iptables -A INPUT -p tcp --dport 867 -j ACCEPT <eos>
allow incoming TCP traffic on port 868,iptables -A INPUT -p tcp --dport 868 -j ACCEPT <eos>
allow incoming TCP traffic on port 869,iptables -A INPUT -p tcp --dport 869 -j ACCEPT <eos>
allow incoming TCP traffic on port 870,iptables -A INPUT -p tcp --dport 870 -j ACCEPT <eos>
allow incoming TCP traffic on port 871,iptables -A INPUT -p tcp --dport 871 -j ACCEPT <eos>
allow incoming TCP traffic on port 872,iptables -A INPUT -p tcp --dport 872 -j ACCEPT <eos>
allow incoming TCP traffic on port 873,iptables -A INPUT -p tcp --dport 873 -j ACCEPT <eos>
allow incoming TCP traffic on port 874,iptables -A INPUT -p tcp --dport 874 -j ACCEPT <eos>
allow incoming TCP traffic on port 875,iptables -A INPUT -p tcp --dport 875 -j ACCEPT <eos>
allow incoming TCP traffic on port 876,iptables -A INPUT -p tcp --dport 876 -j ACCEPT <eos>
allow incoming TCP traffic on port 877,iptables -A INPUT -p tcp --dport 877 -j ACCEPT <eos>
allow incoming TCP traffic on port 878,iptables -A INPUT -p tcp --dport 878 -j ACCEPT <eos>
allow incoming TCP traffic on port 879,iptables -A INPUT -p tcp --dport 879 -j ACCEPT <eos>
allow incoming TCP traffic on port 880,iptables -A INPUT -p tcp --dport 880 -j ACCEPT <eos>
allow incoming TCP traffic on port 881,iptables -A INPUT -p tcp --dport 881 -j ACCEPT <eos>
allow incoming TCP traffic on port 882,iptables -A INPUT -p tcp --dport 882 -j ACCEPT <eos>
allow incoming TCP traffic on port 883,iptables -A INPUT -p tcp --dport 883 -j ACCEPT <eos>
allow incoming TCP traffic on port 884,iptables -A INPUT -p tcp --dport 884 -j ACCEPT <eos>
allow incoming TCP traffic on port 885,iptables -A INPUT -p tcp --dport 885 -j ACCEPT <eos>
allow incoming TCP traffic on port 886,iptables -A INPUT -p tcp --dport 886 -j ACCEPT <eos>
allow incoming TCP traffic on port 887,iptables -A INPUT -p tcp --dport 887 -j ACCEPT <eos>
allow incoming TCP traffic on port 888,iptables -A INPUT -p tcp --dport 888 -j ACCEPT <eos>
allow incoming TCP traffic on port 889,iptables -A INPUT -p tcp --dport 889 -j ACCEPT <eos>
allow incoming TCP traffic on port 890,iptables -A INPUT -p tcp --dport 890 -j ACCEPT <eos>
allow incoming TCP traffic on port 891,iptables -A INPUT -p tcp --dport 891 -j ACCEPT <eos>
allow incoming TCP traffic on port 892,iptables -A INPUT -p tcp --dport 892 -j ACCEPT <eos>
allow incoming TCP traffic on port 893,iptables -A INPUT -p tcp --dport 893 -j ACCEPT <eos>
allow incoming TCP traffic on port 894,iptables -A INPUT -p tcp --dport 894 -j ACCEPT <eos>
allow incoming TCP traffic on port 895,iptables -A INPUT -p tcp --dport 895 -j ACCEPT <eos>
allow incoming TCP traffic on port 896,iptables -A INPUT -p tcp --dport 896 -j ACCEPT <eos>
allow incoming TCP traffic on port 897,iptables -A INPUT -p tcp --dport 897 -j ACCEPT <eos>
allow incoming TCP traffic on port 898,iptables -A INPUT -p tcp --dport 898 -j ACCEPT <eos>
allow incoming TCP traffic on port 899,iptables -A INPUT -p tcp --dport 899 -j ACCEPT <eos>
allow incoming TCP traffic on port 900,iptables -A INPUT -p tcp --dport 900 -j ACCEPT <eos>
allow incoming TCP traffic on port 901,iptables -A INPUT -p tcp --dport 901 -j ACCEPT <eos>
allow incoming TCP traffic on port 902,iptables -A INPUT -p tcp --dport 902 -j ACCEPT <eos>
allow incoming TCP traffic on port 903,iptables -A INPUT -p tcp --dport 903 -j ACCEPT <eos>
allow incoming TCP traffic on port 904,iptables -A INPUT -p tcp --dport 904 -j ACCEPT <eos>
allow incoming TCP traffic on port 905,iptables -A INPUT -p tcp --dport 905 -j ACCEPT <eos>
allow incoming TCP traffic on port 906,iptables -A INPUT -p tcp --dport 906 -j ACCEPT <eos>
allow incoming TCP traffic on port 907,iptables -A INPUT -p tcp --dport 907 -j ACCEPT <eos>
allow incoming TCP traffic on port 908,iptables -A INPUT -p tcp --dport 908 -j ACCEPT <eos>
allow incoming TCP traffic on port 909,iptables -A INPUT -p tcp --dport 909 -j ACCEPT <eos>
allow incoming TCP traffic on port 910,iptables -A INPUT -p tcp --dport 910 -j ACCEPT <eos>
allow incoming TCP traffic on port 911,iptables -A INPUT -p tcp --dport 911 -j ACCEPT <eos>
allow incoming TCP traffic on port 912,iptables -A INPUT -p tcp --dport 912 -j ACCEPT <eos>
allow incoming TCP traffic on port 913,iptables -A INPUT -p tcp --dport 913 -j ACCEPT <eos>
allow incoming TCP traffic on port 914,iptables -A INPUT -p tcp --dport 914 -j ACCEPT <eos>
allow incoming TCP traffic on port 915,iptables -A INPUT -p tcp --dport 915 -j ACCEPT <eos>
allow incoming TCP traffic on port 916,iptables -A INPUT -p tcp --dport 916 -j ACCEPT <eos>
allow incoming TCP traffic on port 917,iptables -A INPUT -p tcp --dport 917 -j ACCEPT <eos>
allow incoming TCP traffic on port 918,iptables -A INPUT -p tcp --dport 918 -j ACCEPT <eos>
allow incoming TCP traffic on port 919,iptables -A INPUT -p tcp --dport 919 -j ACCEPT <eos>
allow incoming TCP traffic on port 920,iptables -A INPUT -p tcp --dport 920 -j ACCEPT <eos>
allow incoming TCP traffic on port 921,iptables -A INPUT -p tcp --dport 921 -j ACCEPT <eos>
allow incoming TCP traffic on port 922,iptables -A INPUT -p tcp --dport 922 -j ACCEPT <eos>
allow incoming TCP traffic on port 923,iptables -A INPUT -p tcp --dport 923 -j ACCEPT <eos>
allow incoming TCP traffic on port 924,iptables -A INPUT -p tcp --dport 924 -j ACCEPT <eos>
allow incoming TCP traffic on port 925,iptables -A INPUT -p tcp --dport 925 -j ACCEPT <eos>
allow incoming TCP traffic on port 926,iptables -A INPUT -p tcp --dport 926 -j ACCEPT <eos>
allow incoming TCP traffic on port 927,iptables -A INPUT -p tcp --dport 927 -j ACCEPT <eos>
allow incoming TCP traffic on port 928,iptables -A INPUT -p tcp --dport 928 -j ACCEPT <eos>
allow incoming TCP traffic on port 929,iptables -A INPUT -p tcp --dport 929 -j ACCEPT <eos>
allow incoming TCP traffic on port 930,iptables -A INPUT -p tcp --dport 930 -j ACCEPT <eos>
allow incoming TCP traffic on port 931,iptables -A INPUT -p tcp --dport 931 -j ACCEPT <eos>
allow incoming TCP traffic on port 932,iptables -A INPUT -p tcp --dport 932 -j ACCEPT <eos>
allow incoming TCP traffic on port 933,iptables -A INPUT -p tcp --dport 933 -j ACCEPT <eos>
allow incoming TCP traffic on port 934,iptables -A INPUT -p tcp --dport 934 -j ACCEPT <eos>
allow incoming TCP traffic on port 935,iptables -A INPUT -p tcp --dport 935 -j ACCEPT <eos>
allow incoming TCP traffic on port 936,iptables -A INPUT -p tcp --dport 936 -j ACCEPT <eos>
allow incoming TCP traffic on port 937,iptables -A INPUT -p tcp --dport 937 -j ACCEPT <eos>
allow incoming TCP traffic on port 938,iptables -A INPUT -p tcp --dport 938 -j ACCEPT <eos>
allow incoming TCP traffic on port 939,iptables -A INPUT -p tcp --dport 939 -j ACCEPT <eos>
allow incoming TCP traffic on port 940,iptables -A INPUT -p tcp --dport 940 -j ACCEPT <eos>
allow incoming TCP traffic on port 941,iptables -A INPUT -p tcp --dport 941 -j ACCEPT <eos>
allow incoming TCP traffic on port 942,iptables -A INPUT -p tcp --dport 942 -j ACCEPT <eos>
allow incoming TCP traffic on port 943,iptables -A INPUT -p tcp --dport 943 -j ACCEPT <eos>
allow incoming TCP traffic on port 944,iptables -A INPUT -p tcp --dport 944 -j ACCEPT <eos>
allow incoming TCP traffic on port 945,iptables -A INPUT -p tcp --dport 945 -j ACCEPT <eos>
allow incoming TCP traffic on port 946,iptables -A INPUT -p tcp --dport 946 -j ACCEPT <eos>
allow incoming TCP traffic on port 947,iptables -A INPUT -p tcp --dport 947 -j ACCEPT <eos>
allow incoming TCP traffic on port 948,iptables -A INPUT -p tcp --dport 948 -j ACCEPT <eos>
allow incoming TCP traffic on port 949,iptables -A INPUT -p tcp --dport 949 -j ACCEPT <eos>
allow incoming TCP traffic on port 950,iptables -A INPUT -p tcp --dport 950 -j ACCEPT <eos>
allow incoming TCP traffic on port 951,iptables -A INPUT -p tcp --dport 951 -j ACCEPT <eos>
allow incoming TCP traffic on port 952,iptables -A INPUT -p tcp --dport 952 -j ACCEPT <eos>
allow incoming TCP traffic on port 953,iptables -A INPUT -p tcp --dport 953 -j ACCEPT <eos>
allow incoming TCP traffic on port 954,iptables -A INPUT -p tcp --dport 954 -j ACCEPT <eos>
allow incoming TCP traffic on port 955,iptables -A INPUT -p tcp --dport 955 -j ACCEPT <eos>
allow incoming TCP traffic on port 956,iptables -A INPUT -p tcp --dport 956 -j ACCEPT <eos>
allow incoming TCP traffic on port 957,iptables -A INPUT -p tcp --dport 957 -j ACCEPT <eos>
allow incoming TCP traffic on port 958,iptables -A INPUT -p tcp --dport 958 -j ACCEPT <eos>
allow incoming TCP traffic on port 959,iptables -A INPUT -p tcp --dport 959 -j ACCEPT <eos>
allow incoming TCP traffic on port 960,iptables -A INPUT -p tcp --dport 960 -j ACCEPT <eos>
allow incoming TCP traffic on port 961,iptables -A INPUT -p tcp --dport 961 -j ACCEPT <eos>
allow incoming TCP traffic on port 962,iptables -A INPUT -p tcp --dport 962 -j ACCEPT <eos>
allow incoming TCP traffic on port 963,iptables -A INPUT -p tcp --dport 963 -j ACCEPT <eos>
allow incoming TCP traffic on port 964,iptables -A INPUT -p tcp --dport 964 -j ACCEPT <eos>
allow incoming TCP traffic on port 965,iptables -A INPUT -p tcp --dport 965 -j ACCEPT <eos>
allow incoming TCP traffic on port 966,iptables -A INPUT -p tcp --dport 966 -j ACCEPT <eos>
allow incoming TCP traffic on port 967,iptables -A INPUT -p tcp --dport 967 -j ACCEPT <eos>
allow incoming TCP traffic on port 968,iptables -A INPUT -p tcp --dport 968 -j ACCEPT <eos>
allow incoming TCP traffic on port 969,iptables -A INPUT -p tcp --dport 969 -j ACCEPT <eos>
allow incoming TCP traffic on port 970,iptables -A INPUT -p tcp --dport 970 -j ACCEPT <eos>
allow incoming TCP traffic on port 971,iptables -A INPUT -p tcp --dport 971 -j ACCEPT <eos>
allow incoming TCP traffic on port 972,iptables -A INPUT -p tcp --dport 972 -j ACCEPT <eos>
allow incoming TCP traffic on port 973,iptables -A INPUT -p tcp --dport 973 -j ACCEPT <eos>
allow incoming TCP traffic on port 974,iptables -A INPUT -p tcp --dport 974 -j ACCEPT <eos>
allow incoming TCP traffic on port 975,iptables -A INPUT -p tcp --dport 975 -j ACCEPT <eos>
allow incoming TCP traffic on port 976,iptables -A INPUT -p tcp --dport 976 -j ACCEPT <eos>
allow incoming TCP traffic on port 977,iptables -A INPUT -p tcp --dport 977 -j ACCEPT <eos>
allow incoming TCP traffic on port 978,iptables -A INPUT -p tcp --dport 978 -j ACCEPT <eos>
allow incoming TCP traffic on port 979,iptables -A INPUT -p tcp --dport 979 -j ACCEPT <eos>
allow incoming TCP traffic on port 980,iptables -A INPUT -p tcp --dport 980 -j ACCEPT <eos>
allow incoming TCP traffic on port 981,iptables -A INPUT -p tcp --dport 981 -j ACCEPT <eos>
allow incoming TCP traffic on port 982,iptables -A INPUT -p tcp --dport 982 -j ACCEPT <eos>
allow incoming TCP traffic on port 983,iptables -A INPUT -p tcp --dport 983 -j ACCEPT <eos>
allow incoming TCP traffic on port 984,iptables -A INPUT -p tcp --dport 984 -j ACCEPT <eos>
allow incoming TCP traffic on port 985,iptables -A INPUT -p tcp --dport 985 -j ACCEPT <eos>
allow incoming TCP traffic on port 986,iptables -A INPUT -p tcp --dport 986 -j ACCEPT <eos>
allow incoming TCP traffic on port 987,iptables -A INPUT -p tcp --dport 987 -j ACCEPT <eos>
allow incoming TCP traffic on port 988,iptables -A INPUT -p tcp --dport 988 -j ACCEPT <eos>
allow incoming TCP traffic on port 989,iptables -A INPUT -p tcp --dport 989 -j ACCEPT <eos>
allow incoming TCP traffic on port 990,iptables -A INPUT -p tcp --dport 990 -j ACCEPT <eos>
allow incoming TCP traffic on port 991,iptables -A INPUT -p tcp --dport 991 -j ACCEPT <eos>
allow incoming TCP traffic on port 992,iptables -A INPUT -p tcp --dport 992 -j ACCEPT <eos>
allow incoming TCP traffic on port 993,iptables -A INPUT -p tcp --dport 993 -j ACCEPT <eos>
block incoming TCP traffic on port 443,iptables -A INPUT -p tcp --dport 443 -j DROP <eos>
block incoming TCP traffic on port 444,iptables -A INPUT -p tcp --dport 444 -j DROP <eos>
block incoming TCP traffic on port 445,iptables -A INPUT -p tcp --dport 445 -j DROP <eos>
block incoming TCP traffic on port 446,iptables -A INPUT -p tcp --dport 446 -j DROP <eos>
block incoming TCP traffic on port 447,iptables -A INPUT -p tcp --dport 447 -j DROP <eos>
block incoming TCP traffic on port 448,iptables -A INPUT -p tcp --dport 448 -j DROP <eos>
block incoming TCP traffic on port 449,iptables -A INPUT -p tcp --dport 449 -j DROP <eos>
block incoming TCP traffic on port 450,iptables -A INPUT -p tcp --dport 450 -j DROP <eos>
block incoming TCP traffic on port 451,iptables -A INPUT -p tcp --dport 451 -j DROP <eos>
block incoming TCP traffic on port 452,iptables -A INPUT -p tcp --dport 452 -j DROP <eos>
block incoming TCP traffic on port 453,iptables -A INPUT -p tcp --dport 453 -j DROP <eos>
block incoming TCP traffic on port 454,iptables -A INPUT -p tcp --dport 454 -j DROP <eos>
block incoming TCP traffic on port 455,iptables -A INPUT -p tcp --dport 455 -j DROP <eos>
block incoming TCP traffic on port 456,iptables -A INPUT -p tcp --dport 456 -j DROP <eos>
block incoming TCP traffic on port 457,iptables -A INPUT -p tcp --dport 457 -j DROP <eos>
block incoming TCP traffic on port 458,iptables -A INPUT -p tcp --dport 458 -j DROP <eos>
block incoming TCP traffic on port 459,iptables -A INPUT -p tcp --dport 459 -j DROP <eos>
block incoming TCP traffic on port 460,iptables -A INPUT -p tcp --dport 460 -j DROP <eos>
block incoming TCP traffic on port 461,iptables -A INPUT -p tcp --dport 461 -j DROP <eos>
block incoming TCP traffic on port 462,iptables -A INPUT -p tcp --dport 462 -j DROP <eos>
block incoming TCP traffic on port 463,iptables -A INPUT -p tcp --dport 463 -j DROP <eos>
block incoming TCP traffic on port 464,iptables -A INPUT -p tcp --dport 464 -j DROP <eos>
block incoming TCP traffic on port 465,iptables -A INPUT -p tcp --dport 465 -j DROP <eos>
block incoming TCP traffic on port 466,iptables -A INPUT -p tcp --dport 466 -j DROP <eos>
block incoming TCP traffic on port 467,iptables -A INPUT -p tcp --dport 467 -j DROP <eos>
block incoming TCP traffic on port 468,iptables -A INPUT -p tcp --dport 468 -j DROP <eos>
block incoming TCP traffic on port 469,iptables -A INPUT -p tcp --dport 469 -j DROP <eos>
block incoming TCP traffic on port 470,iptables -A INPUT -p tcp --dport 470 -j DROP <eos>
block incoming TCP traffic on port 471,iptables -A INPUT -p tcp --dport 471 -j DROP <eos>
block incoming TCP traffic on port 472,iptables -A INPUT -p tcp --dport 472 -j DROP <eos>
block incoming TCP traffic on port 473,iptables -A INPUT -p tcp --dport 473 -j DROP <eos>
block incoming TCP traffic on port 474,iptables -A INPUT -p tcp --dport 474 -j DROP <eos>
block incoming TCP traffic on port 475,iptables -A INPUT -p tcp --dport 475 -j DROP <eos>
block incoming TCP traffic on port 476,iptables -A INPUT -p tcp --dport 476 -j DROP <eos>
block incoming TCP traffic on port 477,iptables -A INPUT -p tcp --dport 477 -j DROP <eos>
block incoming TCP traffic on port 478,iptables -A INPUT -p tcp --dport 478 -j DROP <eos>
block incoming TCP traffic on port 479,iptables -A INPUT -p tcp --dport 479 -j DROP <eos>
block incoming TCP traffic on port 480,iptables -A INPUT -p tcp --dport 480 -j DROP <eos>
block incoming TCP traffic on port 481,iptables -A INPUT -p tcp --dport 481 -j DROP <eos>
block incoming TCP traffic on port 482,iptables -A INPUT -p tcp --dport 482 -j DROP <eos>
block incoming TCP traffic on port 483,iptables -A INPUT -p tcp --dport 483 -j DROP <eos>
block incoming TCP traffic on port 484,iptables -A INPUT -p tcp --dport 484 -j DROP <eos>
block incoming TCP traffic on port 485,iptables -A INPUT -p tcp --dport 485 -j DROP <eos>
block incoming TCP traffic on port 486,iptables -A INPUT -p tcp --dport 486 -j DROP <eos>
block incoming TCP traffic on port 487,iptables -A INPUT -p tcp --dport 487 -j DROP <eos>
block incoming TCP traffic on port 488,iptables -A INPUT -p tcp --dport 488 -j DROP <eos>
block incoming TCP traffic on port 489,iptables -A INPUT -p tcp --dport 489 -j DROP <eos>
block incoming TCP traffic on port 490,iptables -A INPUT -p tcp --dport 490 -j DROP <eos>
block incoming TCP traffic on port 491,iptables -A INPUT -p tcp --dport 491 -j DROP <eos>
block incoming TCP traffic on port 492,iptables -A INPUT -p tcp --dport 492 -j DROP <eos>
block incoming TCP traffic on port 493,iptables -A INPUT -p tcp --dport 493 -j DROP <eos>
block incoming TCP traffic on port 494,iptables -A INPUT -p tcp --dport 494 -j DROP <eos>
block incoming TCP traffic on port 495,iptables -A INPUT -p tcp --dport 495 -j DROP <eos>
block incoming TCP traffic on port 496,iptables -A INPUT -p tcp --dport 496 -j DROP <eos>
block incoming TCP traffic on port 497,iptables -A INPUT -p tcp --dport 497 -j DROP <eos>
block incoming TCP traffic on port 498,iptables -A INPUT -p tcp --dport 498 -j DROP <eos>
block incoming TCP traffic on port 499,iptables -A INPUT -p tcp --dport 499 -j DROP <eos>
block incoming TCP traffic on port 500,iptables -A INPUT -p tcp --dport 500 -j DROP <eos>
block incoming TCP traffic on port 501,iptables -A INPUT -p tcp --dport 501 -j DROP <eos>
block incoming TCP traffic on port 502,iptables -A INPUT -p tcp --dport 502 -j DROP <eos>
block incoming TCP traffic on port 503,iptables -A INPUT -p tcp --dport 503 -j DROP <eos>
block incoming TCP traffic on port 504,iptables -A INPUT -p tcp --dport 504 -j DROP <eos>
block incoming TCP traffic on port 505,iptables -A INPUT -p tcp --dport 505 -j DROP <eos>
block incoming TCP traffic on port 506,iptables -A INPUT -p tcp --dport 506 -j DROP <eos>
block incoming TCP traffic on port 507,iptables -A INPUT -p tcp --dport 507 -j DROP <eos>
block incoming TCP traffic on port 508,iptables -A INPUT -p tcp --dport 508 -j DROP <eos>
block incoming TCP traffic on port 509,iptables -A INPUT -p tcp --dport 509 -j DROP <eos>
block incoming TCP traffic on port 510,iptables -A INPUT -p tcp --dport 510 -j DROP <eos>
block incoming TCP traffic on port 511,iptables -A INPUT -p tcp --dport 511 -j DROP <eos>
block incoming TCP traffic on port 512,iptables -A INPUT -p tcp --dport 512 -j DROP <eos>
block incoming TCP traffic on port 513,iptables -A INPUT -p tcp --dport 513 -j DROP <eos>
block incoming TCP traffic on port 514,iptables -A INPUT -p tcp --dport 514 -j DROP <eos>
block incoming TCP traffic on port 515,iptables -A INPUT -p tcp --dport 515 -j DROP <eos>
block incoming TCP traffic on port 516,iptables -A INPUT -p tcp --dport 516 -j DROP <eos>
block incoming TCP traffic on port 517,iptables -A INPUT -p tcp --dport 517 -j DROP <eos>
block incoming TCP traffic on port 518,iptables -A INPUT -p tcp --dport 518 -j DROP <eos>
block incoming TCP traffic on port 519,iptables -A INPUT -p tcp --dport 519 -j DROP <eos>
block incoming TCP traffic on port 520,iptables -A INPUT -p tcp --dport 520 -j DROP <eos>
block incoming TCP traffic on port 521,iptables -A INPUT -p tcp --dport 521 -j DROP <eos>
block incoming TCP traffic on port 522,iptables -A INPUT -p tcp --dport 522 -j DROP <eos>
block incoming TCP traffic on port 523,iptables -A INPUT -p tcp --dport 523 -j DROP <eos>
block incoming TCP traffic on port 524,iptables -A INPUT -p tcp --dport 524 -j DROP <eos>
block incoming TCP traffic on port 525,iptables -A INPUT -p tcp --dport 525 -j DROP <eos>
block incoming TCP traffic on port 526,iptables -A INPUT -p tcp --dport 526 -j DROP <eos>
block incoming TCP traffic on port 527,iptables -A INPUT -p tcp --dport 527 -j DROP <eos>
block incoming TCP traffic on port 528,iptables -A INPUT -p tcp --dport 528 -j DROP <eos>
block incoming TCP traffic on port 529,iptables -A INPUT -p tcp --dport 529 -j DROP <eos>
block incoming TCP traffic on port 530,iptables -A INPUT -p tcp --dport 530 -j DROP <eos>
block incoming TCP traffic on port 531,iptables -A INPUT -p tcp --dport 531 -j DROP <eos>
block incoming TCP traffic on port 532,iptables -A INPUT -p tcp --dport 532 -j DROP <eos>
block incoming TCP traffic on port 533,iptables -A INPUT -p tcp --dport 533 -j DROP <eos>
block incoming TCP traffic on port 534,iptables -A INPUT -p tcp --dport 534 -j DROP <eos>
block incoming TCP traffic on port 535,iptables -A INPUT -p tcp --dport 535 -j DROP <eos>
block incoming TCP traffic on port 536,iptables -A INPUT -p tcp --dport 536 -j DROP <eos>
block incoming TCP traffic on port 537,iptables -A INPUT -p tcp --dport 537 -j DROP <eos>
block incoming TCP traffic on port 538,iptables -A INPUT -p tcp --dport 538 -j DROP <eos>
block incoming TCP traffic on port 539,iptables -A INPUT -p tcp --dport 539 -j DROP <eos>
block incoming TCP traffic on port 540,iptables -A INPUT -p tcp --dport 540 -j DROP <eos>
block incoming TCP traffic on port 541,iptables -A INPUT -p tcp --dport 541 -j DROP <eos>
block incoming TCP traffic on port 542,iptables -A INPUT -p tcp --dport 542 -j DROP <eos>
block incoming TCP traffic on port 543,iptables -A INPUT -p tcp --dport 543 -j DROP <eos>
block incoming TCP traffic on port 544,iptables -A INPUT -p tcp --dport 544 -j DROP <eos>
block incoming TCP traffic on port 545,iptables -A INPUT -p tcp --dport 545 -j DROP <eos>
block incoming TCP traffic on port 546,iptables -A INPUT -p tcp --dport 546 -j DROP <eos>
block incoming TCP traffic on port 547,iptables -A INPUT -p tcp --dport 547 -j DROP <eos>
block incoming TCP traffic on port 548,iptables -A INPUT -p tcp --dport 548 -j DROP <eos>
block incoming TCP traffic on port 549,iptables -A INPUT -p tcp --dport 549 -j DROP <eos>
block incoming TCP traffic on port 550,iptables -A INPUT -p tcp --dport 550 -j DROP <eos>
block incoming TCP traffic on port 551,iptables -A INPUT -p tcp --dport 551 -j DROP <eos>
block incoming TCP traffic on port 552,iptables -A INPUT -p tcp --dport 552 -j DROP <eos>